{"batch_size": 1, "epochs": 400, "accum_iter": 1, "model": "mae_rpt_tiny", "mask_ratio": 0.9, "norm_pix_loss": false, "weight_decay": 0.05, "lr": null, "blr": 0.001, "min_lr": 0.0, "warmup_epochs": 40, "data_path": "/media/ljm/SrvDataDisk/Datasets_Radar/RADDet/RADDet_author/train", "RADDet_config_path": "./datasets/RADDet_config.json", "CRUW_config_path": "/mnt/truenas_users/ChenHongliang/RPT-master/models/CRUW_finetune/config_Rodnet.py", "output_dir": "./output_dir/20250520_165856_mae_rpt_tiny_pretrain_CRUW", "log_dir": "./output_dir/20250520_165856_mae_rpt_tiny_pretrain_CRUW", "device": "cuda", "seed": 42, "resume": "", "start_epoch": 0, "num_workers": 16, "prefetch_factor": 2, "pin_mem": true, "distributed": false, "world_size": 1, "local_rank": -1, "dist_on_itp": false, "dist_url": "env://", "decoder_embed_dim": 192, "decoder_depth": 4, "decoder_num_heads": 4, "sep_pos_embed": false, "attn_type": "Normal", "decoder_attn_type": "Normal", "checkpoint_period": 1, "bias_wd": false, "comment": null, "data_type": "CRUW", "wandb": false, "swanlab": false, "mask_with_magnitude": false, "drop_path_rate": 0.0, "only_mask_loss": false}