{"model": "RadarMamba",
"unique": "RadarMamba",
 "dataset": "carrada",
 "depth": 8,
 "channels": 64,
 "process_signal": true,
 "deform_k": [3, 3, 3, 3, 3, 3, 3, 3],
 "loss_weight": [0.6, 1, 10, 5],
 "use_ad": true,
 "annot_type": "dense",
 "w_size": 256,
 "h_size": 256,
 "nb_classes": 4,
 "nb_input_channels": 5,
 "nb_epochs": 300,
 "batch_size": 3,
 "lr": 0.0001,
 "lr_step": 10,
 "loss_step": 100,
 "val_step": 1,
 "viz_step": 4000,
 "torch_seed": 40,
 "numpy_seed": 40,
 "version": 0,
 "device": "cuda",
 "custom_loss": "CAObjectLoss",
 "transformations": "hflip,vflip",
 "norm_type": "tvt",
 "shuffle": true,
 "comments": "TransRadar model."
}
