{"model": "tmvanet",
 "dataset": "carrada",
 "unique": "tmvanet",
 "process_signal": true,
 "use_ad": true,
 "annot_type": "dense",
 "w_size": 256,
 "h_size": 256,
 "nb_classes": 4,
 "nb_input_channels": 5,
 "nb_epochs": 300,
 "batch_size": 6,
 "lr": 0.0001,
 "lr_step": 20,
 "loss_step": 100,
 "val_step": 3,
 "viz_step": 4000,
 "torch_seed": 42,
 "numpy_seed": 42,
 "version": 0,
 "device": "cuda",
 "custom_loss": "wce_w10sdice_w5col",
 "transformations": "hflip,vflip",
 "norm_type": "tvt",
 "shuffle": true,
 "comments": "This is a test to train the TMVA-Net model: Temporal Multi-View network with ASPP modules. Methods: data aug (flip) + multi loss + 5 input frames. Model selection: mean of precision. Normalisation: TVT. Loss: wCE + weighted Soft Dice Loss (10*SDice) + weighted (Unsupervised) Coherence Loss (5*CoL)."
}
