{
    "CRUW": {
        "sensor_awr": 1,
        "sensor_retina": 0,
        "platform_mobile": 1,
        "platform_static": 0,
        "platform_mixed": 0,
        "azimuth_fov": 120.0,
        "max_range": 25.0,
        "max_velocity": 16,
        "range_resolution": 0.115,
        "velocity_resolution": 1,
        "angular_resolution": 0.469,
        "has_velocity": 0
    },
    "RADDet": {
        "sensor_awr": 1,
        "sensor_retina": 0,
        "platform_mobile": 0,
        "platform_static": 1,
        "platform_mixed": 0,
        "azimuth_fov": 171.8,
        "max_range": 50.0,
        "max_velocity": 13.43,
        "range_resolution": 0.195,
        "velocity_resolution": 0.420,
        "angular_resolution": 0.671,
        "has_velocity": 1
    },
    "CARRADA": {
        "sensor_awr": 1,
        "sensor_retina": 0,
        "platform_mobile": 0,
        "platform_static": 1,
        "platform_mixed": 0,
        "azimuth_fov": 180.0,
        "max_range": 50.0,
        "max_velocity": 13.43,
        "range_resolution": 0.195,
        "velocity_resolution": 0.42,
        "angular_resolution": 0.70,
        "has_velocity": 1
    },
    "SCORP": {
        "sensor_awr": 1,
        "sensor_retina": 0,
        "platform_mobile": 0,
        "platform_static": 1,
        "platform_mixed": 0,
        "azimuth_fov": 90.0,
        "max_range": 30.0,
        "max_velocity": 10.48,
        "range_resolution": 0.117,
        "velocity_resolution": 0.327,
        "angular_resolution": 0.352,
        "has_velocity": 1
    },
    "RaDICaL_indoor": {
        "sensor_awr": 1,
        "sensor_retina": 0,
        "platform_mobile": 0,
        "platform_static": 0,
        "platform_mixed": 1,
        "azimuth_fov": 180.0,
        "max_range": 14.24,
        "max_velocity": 4.86,
        "range_resolution": 0.047,
        "velocity_resolution": 0.30,
        "angular_resolution": 0.6,
        "has_velocity": 1
    },
    "RaDICaL_outdoor30": {
        "sensor_awr": 1,
        "sensor_retina": 0,
        "platform_mobile": 0,
        "platform_static": 0,
        "platform_mixed": 1,
        "azimuth_fov": 180.0,
        "max_range": 37.47,
        "max_velocity": 15.43,
        "range_resolution": 0.20,
        "velocity_resolution": 0.48,
        "angular_resolution": 0.6,
        "has_velocity": 1
    },
    "RaDICaL_outdoor60": {
        "sensor_awr": 1,
        "sensor_retina": 0,
        "platform_mobile": 0,
        "platform_static": 0,
        "platform_mixed": 1,
        "azimuth_fov": 180.0,
        "max_range": 62.45,
        "max_velocity": 23.02,
        "range_resolution": 0.97,
        "velocity_resolution": 0.36,
        "angular_resolution": 0.6,
        "has_velocity": 1
    },
    "RaDICaL_highRes": {
        "sensor_awr": 1,
        "sensor_retina": 0,
        "platform_mobile": 0,
        "platform_static": 0,
        "platform_mixed": 1,
        "azimuth_fov": 180.0,
        "max_range": 14.24,
        "max_velocity": 2.78,
        "range_resolution": 0.047,
        "velocity_resolution": 0.043,
        "angular_resolution": 0.6,
        "has_velocity": 1
    },
    "K-Radar": {
        "sensor_awr": 0,
        "sensor_retina": 1,
        "platform_mobile": 1,
        "platform_static": 0,
        "platform_mixed": 0,
        "azimuth_fov": 107.0,
        "max_range": 118.0,
        "max_velocity": 3.84,
        "range_resolution": 0.46,
        "velocity_resolution": 0.06,
        "angular_resolution": 0.418,
        "has_velocity": 1
    }
}