{
    "CRUW": {
        "dataset_name": "CRUW",
        "sensor_model": "AWR1843",
        "platform": "mobile",
        "frequency": 77.0,
        "azimuth_fov": 120.0,
        "max_range": 25.0,
        "max_velocity": null,
        "range_resolution": 0.115,
        "velocity_resolution": null,
        "angular_resolution": 0.469,
        "data_type": "RAT",
        "has_velocity": false,
        "dataset_id": 0
    },
    "RADDet": {
        "dataset_name": "RADDet",
        "sensor_model": "AWR1843",
        "platform": "static",
        "frequency": 77.0,
        "azimuth_fov": 171.8,
        "max_range": 50.0,
        "max_velocity": 13.43,
        "range_resolution": 0.195,
        "velocity_resolution": 0.420,
        "angular_resolution": 0.671,
        "data_type": "RAD",
        "has_velocity": true,
        "dataset_id": 1
    },
    "CARRADA": {
        "dataset_name": "CARRADA",
        "sensor_model": "AWR1843",
        "platform": "static",
        "frequency": 77.0,
        "azimuth_fov": 180.0,
        "max_range": 50.0,
        "max_velocity": 13.43,
        "range_resolution": 0.195,
        "velocity_resolution": 0.42,
        "angular_resolution": 0.70,
        "data_type": "RAD",
        "has_velocity": true,
        "dataset_id": 2
    },
    "SCORP": {
        "dataset_name": "SCORP",
        "sensor_model": "AWR1843",
        "platform": "static",
        "frequency": 77.0,
        "azimuth_fov": 90.0,
        "max_range": 30.0,
        "max_velocity": 10.48,
        "range_resolution": 0.12,
        "velocity_resolution": 0.327,
        "angular_resolution": 0.352,
        "data_type": "RAD",
        "has_velocity": true,
        "dataset_id": 3
    },
    "RaDICaL_indoor": {
        "dataset_name": "RaDICaL (indoor)",
        "sensor_model": "AWR1843",
        "platform": "mixed",
        "frequency": 77.0,
        "azimuth_fov": 180.0,
        "max_range": 14.24,
        "max_velocity": 4.86,
        "range_resolution": 0.047,
        "velocity_resolution": 0.30,
        "angular_resolution": 0.6,
        "data_type": "RAD",
        "has_velocity": true,
        "dataset_id": 4
    },
    "RaDICaL_outdoor30": {
        "dataset_name": "RaDICaL (outdoor30)",
        "sensor_model": "AWR1843",
        "platform": "mixed",
        "frequency": 77.0,
        "azimuth_fov": 180.0,
        "max_range": 37.47,
        "max_velocity": 15.43,
        "range_resolution": 0.20,
        "velocity_resolution": 0.48,
        "angular_resolution": 0.6,
        "data_type": "RAD",
        "has_velocity": true,
        "dataset_id": 5
    },
    "RaDICaL_outdoor60": {
        "dataset_name": "RaDICaL (outdoor60)",
        "sensor_model": "AWR1843",
        "platform": "mixed",
        "frequency": 77.0,
        "azimuth_fov": 180.0,
        "max_range": 62.45,
        "max_velocity": 23.02,
        "range_resolution": 0.97,
        "velocity_resolution": 0.36,
        "angular_resolution": 0.6,
        "data_type": "RAD",
        "has_velocity": true,
        "dataset_id": 6
    },
    "RaDICaL_highRes": {
        "dataset_name": "RaDICaL (highRes)",
        "sensor_model": "TAWR1843",
        "platform": "mixed",
        "frequency": 77.0,
        "azimuth_fov": 180.0,
        "max_range": 14.24,
        "max_velocity": 2.78,
        "range_resolution": 0.047,
        "velocity_resolution": 0.043,
        "angular_resolution": 0.6,
        "data_type": "RAD",
        "has_velocity": true,
        "dataset_id": 7
    },
    "K-Radar": {
        "dataset_name": "K-Radar",
        "sensor_model": "RETINA-4ST",
        "platform": "mobile",
        "frequency": 77.0,
        "azimuth_fov": 107.0,
        "max_range": 118.0,
        "max_velocity": 3.84,
        "range_resolution": 0.46,
        "velocity_resolution": 0.06,
        "angular_resolution": 1.0,
        "data_type": "RAD",
        "has_velocity": true,
        "dataset_id": 8
    }
}